{"scope.version":"2","timeline.animationMode":"proMode","viewport.width":300,"viewport.height":1050,"design.userpaddingleft":-300,"design.userpaddingtop":-250,"stage.mask":false,"design.scrollleft":141,"design.scrolltop":130,"library.openDirectories":[],"library.GroupsPath":{},"library.downloadedAssets":{},"design.zoom":0.5,"tool.text.optionsState":{"fontName":"Tahoma","fontSize":"30px","fontWeight":"bold","fontStyle":"normal","letterSpacing":"0px","lineHeight":"36px","alignLeft":true,"alignCenter":false,"alignRight":false,"alignJustify":false,"verticalAlignCenter":false,"foreColor":"rgb(255, 255, 255)","tagName":"span","orderedList":false,"unorderedList":false},"publish.local.isResponsivePublishedAsFixedSized":false,"publish.local.location":"./","publish.local.name":"Trabalho","publish.local.flatten":true,"publish.local.minify":true,"publish.local.inlineFiles":true,"publish.local.createZip":true,"publish.local.politeLoad":true,"publish.local.exportMozilla":true,"publish.local.exportWebkit":true,"publish.local.borderColor":"rgba(0,0,0,1)","publish.local.addBorder":false,"":false,"publish.local.skipLoadingDelay":false,"responsive.previewedSizes":["300x1050"],"timeline.zoomLevel":80}