{"scope.version":"2","timeline.animationMode":"proMode","viewport.width":1248,"viewport.height":250,"design.userpaddingleft":-1248,"design.userpaddingtop":-250,"stage.mask":false,"design.scrollleft":1210,"design.scrolltop":194,"library.openDirectories":[],"library.GroupsPath":{},"library.downloadedAssets":{},"design.zoom":0.65,"publish.local.isResponsivePublishedAsFixedSized":false,"publish.local.location":"./","publish.local.name":"Carrosel Senac","publish.local.flatten":true,"publish.local.minify":true,"publish.local.inlineFiles":true,"publish.local.createZip":false,"publish.local.politeLoad":true,"publish.local.exportMozilla":true,"publish.local.exportWebkit":true,"publish.local.borderColor":"rgba(0,0,0,1)","publish.local.addBorder":false,"":false,"publish.local.skipLoadingDelay":false}